title,company,reward,link
java/kotlin 시니어 개발,에스제이소프트,합격보상금 100만원,https://www.wanted.co.kr/wd/212445
전자정부 Web/Java 개발리더 (팀장급),케이아이티원,합격보상금 100만원,https://www.wanted.co.kr/wd/160169
산업데이터 플랫폼 JAVA 개발자 (5년 이상),울랄라랩,합격보상금 100만원,https://www.wanted.co.kr/wd/212779
JAVA 웹개발자 (7-10년),앵커스,합격보상금 100만원,https://www.wanted.co.kr/wd/212943
Javascript Library 개발 - Web Agent Engineer,어니컴,합격보상금 100만원,https://www.wanted.co.kr/wd/156991
시니어 백엔드 개발자 (Java/Kotlin),패스트파이브,합격보상금 100만원,https://www.wanted.co.kr/wd/171819
Java 리액트 프론트엔드 개발자 (판교),오렌지아이,합격보상금 100만원,https://www.wanted.co.kr/wd/218342
"[개발] 웹크롤링(스크래핑) SW엔지니어(Python, JAVA)",아이알큐더스,합격보상금 100만원,https://www.wanted.co.kr/wd/217889
java/kotlin 시니어 개발,에스제이소프트,합격보상금 100만원,https://www.wanted.co.kr/wd/212445
전자정부 Web/Java 개발리더 (팀장급),케이아이티원,합격보상금 100만원,https://www.wanted.co.kr/wd/160169
산업데이터 플랫폼 JAVA 개발자 (5년 이상),울랄라랩,합격보상금 100만원,https://www.wanted.co.kr/wd/212779
JAVA 웹개발자 (7-10년),앵커스,합격보상금 100만원,https://www.wanted.co.kr/wd/212943
Javascript Library 개발 - Web Agent Engineer,어니컴,합격보상금 100만원,https://www.wanted.co.kr/wd/156991
시니어 백엔드 개발자 (Java/Kotlin),패스트파이브,합격보상금 100만원,https://www.wanted.co.kr/wd/171819
Java 리액트 프론트엔드 개발자 (판교),오렌지아이,합격보상금 100만원,https://www.wanted.co.kr/wd/218342
"[개발] 웹크롤링(스크래핑) SW엔지니어(Python, JAVA)",아이알큐더스,합격보상금 100만원,https://www.wanted.co.kr/wd/217889
Java 개발,아주큐엠에스,합격보상금 100만원,https://www.wanted.co.kr/wd/217485
JAVA 웹 개발,테크빌교육,합격보상금 100만원,https://www.wanted.co.kr/wd/208074
JavaScript 웹개발자 (7년 이상),앵커스,합격보상금 100만원,https://www.wanted.co.kr/wd/213065
[CARENATION] Java 백엔드 개발자,케어네이션,합격보상금 100만원,https://www.wanted.co.kr/wd/167952
Java application 개발자 (10년 이상),썬더소프트코리아,합격보상금 100만원,https://www.wanted.co.kr/wd/213593
JAVA 개발자 (5년 이상),오토위니,합격보상금 100만원,https://www.wanted.co.kr/wd/201010
Java 서버 개발(시니어),그립컴퍼니,합격보상금 100만원,https://www.wanted.co.kr/wd/162889
Java 개발자 (10년 이상),한국해양기상기술,합격보상금 100만원,https://www.wanted.co.kr/wd/151849
JAVA 개발자(5년 이상),플랫브레드,합격보상금 100만원,https://www.wanted.co.kr/wd/200084
자바 엔지니어,에프피티소프트웨어코리아,합격보상금 100만원,https://www.wanted.co.kr/wd/205937
"C++ Java, QT플랫폼 기반 개발 연구소장 및 프로젝트 리더",스마트캐스트,합격보상금 100만원,https://www.wanted.co.kr/wd/210460
Java Software Engineer 팀원 (만 4년 이상),파킹허브,합격보상금 100만원,https://www.wanted.co.kr/wd/196743
Java Software Engineer 팀장급,파킹허브,합격보상금 100만원,https://www.wanted.co.kr/wd/197460
[시크] Java / Kotlin 백엔드 개발자,팹(PAP),합격보상금 100만원,https://www.wanted.co.kr/wd/205880
Java Senior 개발자 (E-Biz개발팀),델레오코리아(deleo),합격보상금 100만원,https://www.wanted.co.kr/wd/175145
[인텔리전스랩스] 인증/세션 서비스 백엔드 개발자 (Java),넥슨코리아(NEXON),합격보상금 100만원,https://www.wanted.co.kr/wd/212559
자동화 노코드 툴 JAVA 백엔드 개발자 (5년 이상),바티에이아이,합격보상금 100만원,https://www.wanted.co.kr/wd/195416
웹 서비스 자바 개발자,비즈톡,합격보상금 100만원,https://www.wanted.co.kr/wd/12598
"[자사 웹/앱 플랫폼] 백엔드 개발리더 (자바,스프링부트, aws5년+)",아인잡(AINJOB),합격보상금 100만원,https://www.wanted.co.kr/wd/141909
Java 기반 백엔드 개발자,에이엔드,합격보상금 100만원,https://www.wanted.co.kr/wd/135767
웹프로그래머 JAVA/JSP,비욘드테크,합격보상금 100만원,https://www.wanted.co.kr/wd/179381
"[기업부설연구소] 자사 웹/앱 플랫폼 개발팀장 [JAVA, SPRINGBOOT5+]",아인잡(AINJOB),합격보상금 100만원,https://www.wanted.co.kr/wd/140981
Java 웹개발(팀장),위버로프트,합격보상금 100만원,https://www.wanted.co.kr/wd/173091
자바 개발자,한국선불카드,합격보상금 100만원,https://www.wanted.co.kr/wd/5438
Back-end (Java) 개발자,미트박스글로벌,합격보상금 100만원,https://www.wanted.co.kr/wd/191793
[100억↑투자] Back-end Developer (Java/Kotlin),웨이브릿지,합격보상금 100만원,https://www.wanted.co.kr/wd/213950
Java 시니어 개발자 (Back-end),유핀테크허브(유트랜스퍼),합격보상금 100만원,https://www.wanted.co.kr/wd/144685
JAVA 개발자 (2~5년),오토위니,합격보상금 100만원,https://www.wanted.co.kr/wd/209565
JAVA 개발자,미트박스글로벌,합격보상금 100만원,https://www.wanted.co.kr/wd/196516
Java BackEnd Developer,에이젠글로벌,합격보상금 100만원,https://www.wanted.co.kr/wd/214757
"백엔드 개발자 (Java, Kotlin, MySQL, AWS)",아몬드컴퍼니,합격보상금 100만원,https://www.wanted.co.kr/wd/150034
자바웹 개발자,어바웃펫,합격보상금 100만원,https://www.wanted.co.kr/wd/217785
백엔드 자바 개발자 운영 및 구축,펑타이그레이터차이나(피티코리아),합격보상금 100만원,https://www.wanted.co.kr/wd/169640
웹 개발자(자바 개발자),이너트립,합격보상금 100만원,https://www.wanted.co.kr/wd/169736
JAVA/JSP 웹 개발자 (3년 이상),넥스프론,합격보상금 100만원,https://www.wanted.co.kr/wd/214315
Backend 개발 (Java),투스카이,합격보상금 100만원,https://www.wanted.co.kr/wd/197740
JAVA 개발자,코보시스,합격보상금 100만원,https://www.wanted.co.kr/wd/46154
자바(JAVA) 웹 개발자,뉴버드,합격보상금 100만원,https://www.wanted.co.kr/wd/198382
Backend Developer (Java),스위치원,합격보상금 100만원,https://www.wanted.co.kr/wd/188250
결제 SI JAVA 개발 (2년 이상),넥스원소프트,합격보상금 100만원,https://www.wanted.co.kr/wd/218477
백엔드 개발자 Java (5년 이상),차란차,합격보상금 100만원,https://www.wanted.co.kr/wd/59166
백엔드 개발자 (Java/Spring/SpringBoot),심버스,합격보상금 100만원,https://www.wanted.co.kr/wd/217995
테이블로 자바 백엔드 개발자 (5~10년),창업인(changupin),합격보상금 100만원,https://www.wanted.co.kr/wd/213000
[JAVA] Back-end Developer,단비교육,합격보상금 100만원,https://www.wanted.co.kr/wd/219242
웹개발자 (자바개발자),제로더,합격보상금 100만원,https://www.wanted.co.kr/wd/212962
Java 주니어 개발자 (Back-end),유핀테크허브(유트랜스퍼),합격보상금 100만원,https://www.wanted.co.kr/wd/165762
웹개발자 (JAVA 개발자),제로더,합격보상금 100만원,https://www.wanted.co.kr/wd/218588
자바 개발자,이도(Yido),합격보상금 100만원,https://www.wanted.co.kr/wd/214913
시니어 백엔드 엔지니어 (Java),바잉스퀘어,합격보상금 100만원,https://www.wanted.co.kr/wd/167599
SI/공공 웹 솔루션 JAVA 개발자(3~6년),엑셈,합격보상금 100만원,https://www.wanted.co.kr/wd/217226
[Tech] 글로벌 해외송금 백엔드 개발자 (Java/Kotlin),센트비(Sentbe),합격보상금 100만원,https://www.wanted.co.kr/wd/199109
Software Engineer - Java,야놀자Tech(R&D),합격보상금 100만원,https://www.wanted.co.kr/wd/202371
Java 서버 개발(미드-레벨),그립컴퍼니,합격보상금 100만원,https://www.wanted.co.kr/wd/53925
Java/Kotlin 백엔드 서버 엔지니어,티비유,합격보상금 100만원,https://www.wanted.co.kr/wd/118264
Java 백엔드 개발자 (5년 이상),라텔앤드파트너즈,합격보상금 100만원,https://www.wanted.co.kr/wd/215027
JAVA 기반 자사 솔루션 개발/운영(렌탈),웅진,합격보상금 100만원,https://www.wanted.co.kr/wd/152962
Java 백엔드 개발,지엘엔인터내셔널,합격보상금 100만원,https://www.wanted.co.kr/wd/217487
주니어 백엔드 엔지니어 (JAVA),스탠바이랩,합격보상금 100만원,https://www.wanted.co.kr/wd/218781
웹 개발자 -  백엔드 Java/Kotlin (3년이상),고요에이아이,합격보상금 100만원,https://www.wanted.co.kr/wd/196645
Java 백엔드 개발자 (판교),오렌지아이,합격보상금 100만원,https://www.wanted.co.kr/wd/218344
공비서 자바/코틀린 개발자,헤렌,합격보상금 100만원,https://www.wanted.co.kr/wd/137441
자바 백엔드 엔지니어,띵스플로우,합격보상금 100만원,https://www.wanted.co.kr/wd/201814
[인텔리전스랩스] 추천팀 백엔드 개발자 (Java/Kotlin),넥슨코리아(NEXON),합격보상금 100만원,https://www.wanted.co.kr/wd/209654
UIX 개발자 / Javascript,피앤디솔루션,합격보상금 100만원,https://www.wanted.co.kr/wd/210805
[인텔리전스랩스] 빌링 서비스 백엔드 개발자 (Java/C#),넥슨코리아(NEXON),합격보상금 100만원,https://www.wanted.co.kr/wd/207248
Java 백엔드 개발(10년 이상),티웨이브,합격보상금 100만원,https://www.wanted.co.kr/wd/112793
Java/Kotlin Backend Engineer (상품전시개발실),무신사,합격보상금 100만원,https://www.wanted.co.kr/wd/189781
Java/Kotlin Backend Engineer (구매개발실),무신사,합격보상금 100만원,https://www.wanted.co.kr/wd/188378
[인텔리전스랩스] 글로벌 플랫폼 백엔드 개발자 (Java),넥슨코리아(NEXON),합격보상금 100만원,https://www.wanted.co.kr/wd/106979
