keyword,title,company,reward,link
react,Sr. React Front-end Engineer,올거나이즈코리아(Allganize Korea),합격보상금 100만원,https://www.wanted.co.kr/wd/184032
react,Frontend (React / Angular) 개발자(5년 이상),디앤에스에버(DNS Ever),합격보상금 100만원,https://www.wanted.co.kr/wd/218890
react,React Native 모바일 앱 개발자 (3년 이상),블루밍비트,합격보상금 100만원,https://www.wanted.co.kr/wd/218011
react,프론트엔드 React 개발자,자이온아이티에스,합격보상금 100만원,https://www.wanted.co.kr/wd/213922
react,프론트엔드 엔지니어 (React.js / 5년 이상),매스어답션,합격보상금 100만원,https://www.wanted.co.kr/wd/217870
react,Front-End Senior 개발자 (React 기반),오픈플랜,합격보상금 100만원,https://www.wanted.co.kr/wd/208585
react,React Native Engineer,모드하우스,합격보상금 100만원,https://www.wanted.co.kr/wd/211215
react,Java 리액트 프론트엔드 개발자 (판교),오렌지아이,합격보상금 100만원,https://www.wanted.co.kr/wd/218342
react,Sr. React Front-end Engineer,올거나이즈코리아(Allganize Korea),합격보상금 100만원,https://www.wanted.co.kr/wd/184032
react,Frontend (React / Angular) 개발자(5년 이상),디앤에스에버(DNS Ever),합격보상금 100만원,https://www.wanted.co.kr/wd/218890
react,React Native 모바일 앱 개발자 (3년 이상),블루밍비트,합격보상금 100만원,https://www.wanted.co.kr/wd/218011
react,프론트엔드 React 개발자,자이온아이티에스,합격보상금 100만원,https://www.wanted.co.kr/wd/213922
react,프론트엔드 엔지니어 (React.js / 5년 이상),매스어답션,합격보상금 100만원,https://www.wanted.co.kr/wd/217870
react,Front-End Senior 개발자 (React 기반),오픈플랜,합격보상금 100만원,https://www.wanted.co.kr/wd/208585
react,React Native Engineer,모드하우스,합격보상금 100만원,https://www.wanted.co.kr/wd/211215
react,Java 리액트 프론트엔드 개발자 (판교),오렌지아이,합격보상금 100만원,https://www.wanted.co.kr/wd/218342
react,프론트엔드 개발자 (React) (6년 이상),래피드글로벌,합격보상금 100만원,https://www.wanted.co.kr/wd/197589
react,React Native 개발자,피어테크(지닥),합격보상금 100만원,https://www.wanted.co.kr/wd/212045
react,[200억↑투자] 앱(React Native) 개발자,클라썸,합격보상금 100만원,https://www.wanted.co.kr/wd/31020
react,ReactNative/React 프론트 개발자 (3년 이상),페이워크,합격보상금 100만원,https://www.wanted.co.kr/wd/150575
react,"웹/플랫폼 개발자(Frontend , React)",테스트웍스,합격보상금 100만원,https://www.wanted.co.kr/wd/211924
react,[100억↑투자] React Native Developer,아우름플래닛(Liner),합격보상금 100만원,https://www.wanted.co.kr/wd/203589
react,프론트엔드 개발자 (React / Next.js),피지엠파트너스,합격보상금 100만원,https://www.wanted.co.kr/wd/210639
react,(React Native) 모바일앱 개발자,먼치팩토리,합격보상금 100만원,https://www.wanted.co.kr/wd/194600
react,프론트엔드 개발자(React Native) (3년 이상),통하는사람들,합격보상금 100만원,https://www.wanted.co.kr/wd/207433
react,[3년이상] 프론트엔드 개발자 React/React Native/Node.js,렉스퍼,합격보상금 100만원,https://www.wanted.co.kr/wd/205183
react,리액트 네이티브 FE 개발자,스매시,합격보상금 100만원,https://www.wanted.co.kr/wd/205184
react,React Native Staff Engineer,알로카도스,합격보상금 100만원,https://www.wanted.co.kr/wd/140908
react,플랫폼개발팀 프론트엔드(React Native) 개발자,더즌(dozn),합격보상금 100만원,https://www.wanted.co.kr/wd/214698
react,프론트엔드 개발자(React Native) (2년차 이상),와이피랩스(커넥팅),합격보상금 100만원,https://www.wanted.co.kr/wd/43273
react,"네이티브 앱 개발자(React Native, 5년 이상)",물류대장,합격보상금 100만원,https://www.wanted.co.kr/wd/149730
react,React Native 개발자(Lead),네오사피엔스(타입캐스트),합격보상금 100만원,https://www.wanted.co.kr/wd/211848
react,[500억↑투자] React-Native 앱 개발자,비버웍스,합격보상금 100만원,https://www.wanted.co.kr/wd/209950
react,[100억↑투자] React Native 엔지니어,누비랩,합격보상금 100만원,https://www.wanted.co.kr/wd/204730
react,"프론트엔드 개발자 (리더, React.js 6년 이상)",코딧(CODITCorp.),합격보상금 100만원,https://www.wanted.co.kr/wd/93806
react,React Native 게임 개발자,마인드허브,합격보상금 100만원,https://www.wanted.co.kr/wd/213458
react,React Native APP Developer,한화비전,합격보상금 100만원,https://www.wanted.co.kr/wd/211810
react,"React, ReactNative 개발자",팹(PAP),합격보상금 100만원,https://www.wanted.co.kr/wd/136210
react,[울산 근무] 프론트엔드 엔지니어(React Native),타이로스코프,합격보상금 100만원,https://www.wanted.co.kr/wd/166293
react,[100억↑투자] 교육 PM [모바일 교육(React Native)],코드잇(codeit),합격보상금 100만원,https://www.wanted.co.kr/wd/217101
react,React/React Native 웹앱 프론트엔드 개발자,휴먼밸런스,합격보상금 100만원,https://www.wanted.co.kr/wd/219372
react,프론트엔드 개발자 (React),배움,합격보상금 100만원,https://www.wanted.co.kr/wd/189333
react,Global 서비스 React Native 개발,SOOP,합격보상금 100만원,https://www.wanted.co.kr/wd/126674
react,Senior Frontend Engineer (React),위펀(스낵24),합격보상금 100만원,https://www.wanted.co.kr/wd/169803
react,Django/React 개발자,아이넥스코퍼레이션,합격보상금 100만원,https://www.wanted.co.kr/wd/167083
react,코박(Cobak) 프론트엔드 개발자[3년 이상] (React),판도라티비,합격보상금 100만원,https://www.wanted.co.kr/wd/215741
react,"프론트엔드 웹프로그래머 (Vue.js, React) 1~4년차",키트웍스,합격보상금 100만원,https://www.wanted.co.kr/wd/214985
react,"프론트엔드 개발자 (React, Next.js) (2년차 이상)",더자람컴퍼니,합격보상금 100만원,https://www.wanted.co.kr/wd/174824
react,프론트엔드 웹 개발자 React.js / Next.js (1~3년),클라우드호스피탈,합격보상금 100만원,https://www.wanted.co.kr/wd/207121
react,React / Next.js 웹개발자 (1년 이상),다이노즈,합격보상금 100만원,https://www.wanted.co.kr/wd/208965
react,웹 프론트엔드 (React) 개발자,에듀이엔브이,합격보상금 100만원,https://www.wanted.co.kr/wd/216382
react,Front-end 개발 (TS/React),솔닥,합격보상금 100만원,https://www.wanted.co.kr/wd/215241
react,"Front End 개발자(React, Next.js )",에이프로코리아,합격보상금 100만원,https://www.wanted.co.kr/wd/217015
react,리액트 프론트엔드 개발자,프로보티브(Provotive),합격보상금 100만원,https://www.wanted.co.kr/wd/213714
react,테이블로 React 프론트 개발자 (3~7년),창업인(changupin),합격보상금 100만원,https://www.wanted.co.kr/wd/216344
react,[FrontEnd] React 개발자 (3년 이상),엔포트버스,합격보상금 100만원,https://www.wanted.co.kr/wd/203677
react,(React) 프론트엔드 개발자,먼치팩토리,합격보상금 100만원,https://www.wanted.co.kr/wd/212971
react,React/React.Native 프론트엔드 개발자,솔로트립,합격보상금 100만원,https://www.wanted.co.kr/wd/218461
react,[200억↑투자] 웹(React) 개발자 (3년 이상),클라썸,합격보상금 100만원,https://www.wanted.co.kr/wd/195983
react,프론트엔드 개발자 (React.js 3년이상),코딧(CODITCorp.),합격보상금 100만원,https://www.wanted.co.kr/wd/53936
react,"프론트 개발자 (React Native, Nextjs)",금방,합격보상금 100만원,https://www.wanted.co.kr/wd/215918
react,프론트엔드 엔지니어 (React Native),테서,합격보상금 100만원,https://www.wanted.co.kr/wd/44655
react,프론트엔드 엔지니어 (React.js / 3년 이상),매스어답션,합격보상금 100만원,https://www.wanted.co.kr/wd/217124
react,React 프론트엔드 개발자 (3년 이상),누벤트,합격보상금 100만원,https://www.wanted.co.kr/wd/45003
react,병역특례 보충역 프론트엔드 REACT 개발자 (신입),팀오투(카모아),합격보상금 100만원,https://www.wanted.co.kr/wd/214443
react,"[200억↑투자] 웹 프론트엔드 개발자(JavaScript, React) (서울)",페이타랩(패스오더),합격보상금 100만원,https://www.wanted.co.kr/wd/45651
react,[500억↑투자] 프론트엔드 개발자 (React),아파트멘터리,합격보상금 100만원,https://www.wanted.co.kr/wd/165182
react,"웹 프론트엔드 개발자(React, 4년이상)",물류대장,합격보상금 100만원,https://www.wanted.co.kr/wd/90322
react,React 프론트엔드 개발자,딩코,합격보상금 100만원,https://www.wanted.co.kr/wd/218462
react,[200억↑투자] 프론트엔드 엔지니어 (React),페이히어,합격보상금 100만원,https://www.wanted.co.kr/wd/212630
react,React Native 앱 개발자 및 Backend 서버 개발자,샤플,합격보상금 100만원,https://www.wanted.co.kr/wd/217546
react,"[드로니아] 프론트엔드 개발자 (React, TypeScript)",더대시,합격보상금 100만원,https://www.wanted.co.kr/wd/190423
react,React/React native 프론트엔드 개발자,엑스페이스,합격보상금 100만원,https://www.wanted.co.kr/wd/210590
react,프론트엔드(React) 개발자,카운터컬쳐컴퍼니(ED KPOP),합격보상금 100만원,https://www.wanted.co.kr/wd/166761
react,프론트엔드 개발자 (React),큐피스트(글램),합격보상금 100만원,https://www.wanted.co.kr/wd/214772
react,개발자(react),바이브컴퍼니,합격보상금 100만원,https://www.wanted.co.kr/wd/218940
react,프론트엔드 웹 개발자 (React),휴가중,합격보상금 100만원,https://www.wanted.co.kr/wd/213490
react,React Native 앱 개발자,샤플,합격보상금 100만원,https://www.wanted.co.kr/wd/217892
react,Frontend 개발 (React),투스카이,합격보상금 100만원,https://www.wanted.co.kr/wd/197741
react,"프론트엔드 개발자 (React, React Native)",어웨이크코퍼레이션,합격보상금 100만원,https://www.wanted.co.kr/wd/213438
react,웹/모바일 클라이언트(React/Flutter) 개발자,엘에스엠케이(LSMK),합격보상금 100만원,https://www.wanted.co.kr/wd/214936
react,[100억↑투자] 프론트엔드 React.js(리액트) 개발자,와탭랩스(WhaTapLabs),합격보상금 100만원,https://www.wanted.co.kr/wd/170505
react,프론트 엔드 - React Native 개발자,더블유쓰리컴퍼니,합격보상금 100만원,https://www.wanted.co.kr/wd/217369
react,[인텔리전스랩스] 품질솔루션팀 풀스택 개발자 (React/Node.js),넥슨코리아(NEXON),합격보상금 100만원,https://www.wanted.co.kr/wd/217331
react,프론트엔드 개발자 (React Native),서플라이스,합격보상금 100만원,https://www.wanted.co.kr/wd/173444
react,"프론트엔드 엔지니어(Mobile Application, React Native)",크리에이트립,합격보상금 100만원,https://www.wanted.co.kr/wd/187235
react,[500억↑투자] 프론트엔드 개발자 (React-native / flutter),아파트멘터리,합격보상금 100만원,https://www.wanted.co.kr/wd/165183
react,프론트엔드(React Native),잇올,합격보상금 100만원,https://www.wanted.co.kr/wd/205103
react,[신규 부서팀] 신규 앱 React Native 개발,디매치업,합격보상금 100만원,https://www.wanted.co.kr/wd/214928
react,[100억↑투자] [자동차사업팀] React Native 앱개발자,패스트뷰,합격보상금 100만원,https://www.wanted.co.kr/wd/215400
react,모바일 앱 개발자 (React Native),큐피스트(글램),합격보상금 100만원,https://www.wanted.co.kr/wd/117044
react,"프론트엔드 개발자 (react, ts)",버블클라우드,합격보상금 100만원,https://www.wanted.co.kr/wd/209877
react,웹 프론트엔드 개발 (React / Web),블록체인랩스,합격보상금 100만원,https://www.wanted.co.kr/wd/138935
react,프론트엔드 리엑트 개발자,몰덴아이,합격보상금 100만원,https://www.wanted.co.kr/wd/179835
react,"Global 서비스 Front-end 개발 (React, Next.js)",SOOP,합격보상금 100만원,https://www.wanted.co.kr/wd/126671
react,웹 프론트엔드(React) 개발자 (3년이상),워트인텔리전스,합격보상금 100만원,https://www.wanted.co.kr/wd/7542
react,Frontend Engineer (React),위펀(스낵24),합격보상금 100만원,https://www.wanted.co.kr/wd/169810
react,"[400억↑투자] Back-end 개발자 (Node.js, React, Express, Next.js), 병특",딥브레인에이아이,합격보상금 100만원,https://www.wanted.co.kr/wd/107946
